{
  "metadata": {
    "schemaVersion": "1.0",
    "importType": "LEX",
    "importFormat": "JSON"
  },
  "resource": {
    "description": "Amount of risk an individual is willing to take. ",
    "name": "riskLevel",
    "version": "1",
    "enumerationValues": [
      {
        "value": "Very Low or Low"
      },
      {
        "value": "Medium"
      },
      {
        "value": "None"
      },
      {
        "value": "High or Very High"
      }
    ],
    "valueSelectionStrategy": "ORIGINAL_VALUE"
  }
}